title,author,link,note_text,author_followers,post_time,post_time_raw,likes,description,scraped_time,keyword,scraper_version
Day 66 | 挑战用工资定投基金致富的第66天,雪雪女孩要发财,,,0,,,0,Day 66 | 挑战用工资定投基金致富的第66天,2025-07-17T19:45:48.895982,今日基金,enhanced_v2.0
大学生2.5W理财，7.17今日操作操作更新,小新搞钱日记,,,0,,,0,大学生2.5W理财，7.17今日操作操作更新,2025-07-17T19:45:47.688951,今日基金,enhanced_v2.0
7.15｜今日收益+13390，单吊的魅力！,养基高手蟹老板,,,0,,,348,7.15｜今日收益+13390，单吊的魅力！,2025-07-17T19:45:56.126447,今日基金,enhanced_v2.0
7.17今日基金加减仓榜已更新~💊不能停,胖虎养🐔,,,0,,,0,7.17今日基金加减仓榜已更新~💊不能停,2025-07-17T19:45:46.465472,今日基金,enhanced_v2.0
7.17/今日加仓这支基金‼️,喜茶茶,,,0,,,223,7.17/今日加仓这支基金‼️,2025-07-17T19:45:46.156342,今日基金,enhanced_v2.0
7.17丨今日基金操作较多！！,FF掉进钱眼里,,,0,,,0,7.17丨今日基金操作较多！！,2025-07-17T19:45:46.748516,今日基金,enhanced_v2.0
7月17日基金套利机会数据分析,搞钱小王子,,,0,,,0,7月17日基金套利机会数据分析,2025-07-17T19:45:47.378932,今日基金,enhanced_v2.0
挑战靠基金躺平，今日收益17,胖虎爱玩基,,,0,,,0,挑战靠基金躺平，今日收益17,2025-07-17T19:45:53.323132,今日基金,enhanced_v2.0
一人晒一只买过最牛的基金！,小红薯6060CC26,,,0,,,2362,一人晒一只买过最牛的基金！,2025-07-17T19:45:53.611743,今日基金,enhanced_v2.0
每人说一个关注的基金博主,星星相汐不负君,,,0,,,3074,每人说一个关注的基金博主,2025-07-17T19:45:54.181718,今日基金,enhanced_v2.0
